{"cameraMode":{"drawMode":0,"name":"Shaded","section":"Shading Mode"},"sceneLighting":true,"audioPlay":false,"sceneViewState":{"showFog":true,"showMaterialUpdate":false,"showSkybox":true,"showFlares":true,"showImageEffects":true,"showParticleSystems":true},"in2DMode":false,"pivot":{"x":0.03717041015625,"y":0.319580078125,"z":0.1336669921875},"rotation":{"x":0.10973009467124939,"y":0.7645529508590698,"z":-0.13505785167217256,"w":0.6206881403923035},"size":0.8591703772544861,"orthographic":true}